<?xml version="1.0" encoding="UTF-8"?>
<behaviorPopulation version="1.0">
  <member name="Robo5000">
    <node composite="Y">
      <arbiter w1="0.006977113818438903" w2="0.5352966637514925" w3="0.04521090733694275" w4="0.4125153150931259">JBActivationFusion</arbiter>
      <node composite="Y">
        <arbiter w1="0.08736440022923773" w2="0.6034805922817073" w3="0.10513002229828182" w4="0.20402498519077308">JBHighestActivation</arbiter>
        <node>JBSittingDuck</node>
        <node>Wander_v2</node>
        <node>SniperFire</node>
        <node>Fire_v2</node>
      </node>
      <node>ReturnFire</node>
      <node>Fire_v2</node>
      <node>Charge</node>
    </node>
  </member>
</behaviorPopulation>

